{"cameraMode":{"drawMode":0,"name":"Shaded","section":"Shading Mode"},"sceneLighting":false,"audioPlay":false,"sceneViewState":{"m_AlwaysRefresh":false,"showFog":true,"showSkybox":false,"showFlares":true,"showImageEffects":true,"showParticleSystems":true,"showVisualEffectGraphs":true,"m_FxEnabled":true},"in2DMode":false,"pivot":{"x":12.949999809265137,"y":1.8000001907348633,"z":-2.7899999618530275},"rotation":{"x":0.14403362572193147,"y":-0.7566754817962647,"z":0.17796921730041505,"w":0.6123932003974915},"size":16.700374603271486,"orthographic":true}